{"cameraMode":{"drawMode":0,"name":"Shaded","section":"Shading Mode"},"sceneLighting":true,"audioPlay":false,"sceneViewState":{"showFog":true,"showMaterialUpdate":false,"showSkybox":true,"showFlares":true,"showImageEffects":true,"showParticleSystems":true},"in2DMode":false,"pivot":{"x":-6.785924911499023,"y":23.532958984375,"z":10.038097381591797},"rotation":{"x":0.08101515471935272,"y":0.9051573872566223,"z":-0.20033001899719239,"w":0.3660532832145691},"size":33.8558464050293,"orthographic":false}