{"cameraMode":{"drawMode":0,"name":"Shaded","section":"Shading Mode"},"sceneLighting":false,"audioPlay":false,"sceneViewState":{"showFog":true,"showMaterialUpdate":false,"showSkybox":true,"showFlares":true,"showImageEffects":true,"showParticleSystems":true},"in2DMode":false,"pivot":{"x":-0.9136184453964233,"y":0.5829010009765625,"z":0.8345915079116821},"rotation":{"x":0.5987797379493713,"y":0.024014580994844438,"z":-0.017965851351618768,"w":0.8003576993942261},"size":5.975225448608398,"orthographic":false}