{"cameraMode":{"drawMode":0,"name":"Shaded","section":"Shading Mode"},"sceneLighting":true,"audioPlay":false,"sceneViewState":{"showFog":true,"showMaterialUpdate":false,"showSkybox":true,"showFlares":true,"showImageEffects":true,"showParticleSystems":true},"in2DMode":false,"pivot":{"x":-47.654640197753909,"y":-26.778953552246095,"z":20.267688751220704},"rotation":{"x":0.21725159883499146,"y":-0.5424255728721619,"z":0.1476764678955078,"w":0.797979474067688},"size":82.29501342773438,"orthographic":false}