{"cameraMode":{"drawMode":0,"name":"Shaded","section":"Shading Mode"},"sceneLighting":false,"audioPlay":false,"sceneViewState":{"showFog":true,"showMaterialUpdate":false,"showSkybox":true,"showFlares":true,"showImageEffects":true,"showParticleSystems":true},"in2DMode":false,"pivot":{"x":2.4474616050720217,"y":-34.33726501464844,"z":-16.61261749267578},"rotation":{"x":0.00015215325402095914,"y":-0.8521044850349426,"z":0.523379921913147,"w":0.0002490671759005636},"size":57.450706481933597,"orthographic":false}
