{"cameraMode":{"drawMode":0,"name":"Shaded","section":"Shading Mode"},"sceneLighting":true,"audioPlay":false,"sceneViewState":{"showFog":true,"showMaterialUpdate":false,"showSkybox":true,"showFlares":true,"showImageEffects":true,"showParticleSystems":true},"in2DMode":false,"pivot":{"x":-6.785924911499023,"y":23.532958984375,"z":10.038097381591797},"rotation":{"x":0.08004191517829895,"y":0.8787747621536255,"z":-0.15882977843284608,"w":0.44285666942596438},"size":33.8558464050293,"orthographic":false}