{"cameraMode":{"drawMode":0,"name":"Shaded","section":"Shading Mode"},"sceneLighting":false,"audioPlay":false,"sceneViewState":{"showFog":true,"showMaterialUpdate":false,"showSkybox":true,"showFlares":true,"showImageEffects":true,"showParticleSystems":true},"in2DMode":false,"pivot":{"x":0.552882194519043,"y":-16.442584991455079,"z":-0.43182244896888735},"rotation":{"x":0.26656627655029299,"y":-0.5141587853431702,"z":0.17198923230171204,"w":0.796870768070221},"size":4.4202070236206059,"orthographic":false}