{"cameraMode":{"drawMode":0,"name":"Shaded","section":"Shading Mode"},"sceneLighting":true,"audioPlay":false,"sceneViewState":{"showFog":true,"showMaterialUpdate":false,"showSkybox":true,"showFlares":true,"showImageEffects":true,"showParticleSystems":true},"in2DMode":false,"pivot":{"x":-2.3340444564819338,"y":10.711166381835938,"z":4.613494873046875},"rotation":{"x":-0.08264973759651184,"y":0.040358640253543857,"z":-0.003344948636367917,"w":-0.9957555532455444},"size":64.94828033447266,"orthographic":false}