{"cameraMode":{"drawMode":0,"name":"Shaded","section":"Shading Mode"},"sceneLighting":false,"audioPlay":false,"sceneViewState":{"showFog":true,"showMaterialUpdate":false,"showSkybox":true,"showFlares":true,"showImageEffects":true,"showParticleSystems":true},"in2DMode":false,"pivot":{"x":4.8755316734313969,"y":0.4601559638977051,"z":-0.2391471266746521},"rotation":{"x":0.07473281025886536,"y":0.8484523296356201,"z":-0.5089449286460877,"w":0.12459001690149307},"size":13.429949760437012,"orthographic":false}