{"cameraMode":{"drawMode":0,"name":"Shaded","section":"Shading Mode"},"sceneLighting":false,"audioPlay":false,"sceneViewState":{"showFog":true,"showMaterialUpdate":false,"showSkybox":true,"showFlares":true,"showImageEffects":true,"showParticleSystems":true},"in2DMode":false,"pivot":{"x":2.574587106704712,"y":2.469101905822754,"z":0.8884273767471314},"rotation":{"x":0.655042827129364,"y":0.01044158823788166,"z":-0.009036680683493615,"w":0.7554842829704285},"size":8.571229934692383,"orthographic":false}