{"cameraMode":{"drawMode":0,"name":"Shaded","section":"Shading Mode"},"sceneLighting":true,"audioPlay":false,"sceneViewState":{"showFog":true,"showMaterialUpdate":false,"showSkybox":true,"showFlares":true,"showImageEffects":true,"showParticleSystems":true},"in2DMode":false,"pivot":{"x":-4.6497297286987309,"y":1.4532442092895508,"z":3.6324939727783205},"rotation":{"x":0.017241213470697404,"y":0.22365359961986543,"z":0.003957046661525965,"w":-0.9745082259178162},"size":14.477459907531739,"orthographic":false}