{"cameraMode":{"drawMode":0,"name":"Shaded","section":"Shading Mode"},"sceneLighting":false,"audioPlay":false,"sceneViewState":{"showFog":true,"showMaterialUpdate":true,"showSkybox":true,"showFlares":true,"showImageEffects":true,"showParticleSystems":true},"in2DMode":false,"pivot":{"x":0.7845728397369385,"y":1.5067869424819947,"z":0.3210076689720154},"rotation":{"x":0.08252116292715073,"y":-0.8866421580314636,"z":0.17402383685112,"w":0.42044225335121157},"size":1.762821078300476,"orthographic":false}