{"cameraMode":{"drawMode":0,"name":"Shaded","section":"Shading Mode"},"sceneLighting":false,"audioPlay":false,"sceneViewState":{"showFog":true,"showMaterialUpdate":true,"showSkybox":true,"showFlares":true,"showImageEffects":true,"showParticleSystems":true},"in2DMode":false,"pivot":{"x":-0.016918037086725236,"y":0.0024973342660814525,"z":0.10848114639520645},"rotation":{"x":0.005687639582902193,"y":0.030591866001486779,"z":0.0001743222092045471,"w":-0.9995157718658447},"size":0.3235408067703247,"orthographic":false}