{"cameraMode":{"drawMode":0,"name":"Shaded","section":"Shading Mode"},"sceneLighting":false,"audioPlay":false,"sceneViewState":{"showFog":true,"showMaterialUpdate":true,"showSkybox":true,"showFlares":true,"showImageEffects":true,"showParticleSystems":true},"in2DMode":false,"pivot":{"x":-0.047932084649801257,"y":0.39645665884017947,"z":0.02824275940656662},"rotation":{"x":0.015880778431892396,"y":-0.9674179553985596,"z":0.24476604163646699,"w":0.06276869773864746},"size":1.2777929306030274,"orthographic":false}