{"cameraMode":{"drawMode":0,"name":"Shaded","section":"Shading Mode"},"sceneLighting":false,"audioPlay":false,"sceneViewState":{"showFog":true,"showMaterialUpdate":true,"showSkybox":true,"showFlares":true,"showImageEffects":true,"showParticleSystems":true},"in2DMode":false,"pivot":{"x":0.48941922187805178,"y":1.2294650077819825,"z":0.03397965431213379},"rotation":{"x":0.08211053907871247,"y":-0.9052286744117737,"z":0.20462292432785035,"w":0.36324700713157656},"size":2.194797992706299,"orthographic":false}