{"cameraMode":{"drawMode":0,"name":"Shaded","section":"Shading Mode"},"sceneLighting":false,"audioPlay":false,"sceneViewState":{"showFog":true,"showMaterialUpdate":true,"showSkybox":true,"showFlares":true,"showImageEffects":true,"showParticleSystems":true},"in2DMode":false,"pivot":{"x":10.718091011047364,"y":-5.177825927734375,"z":-2.184072732925415},"rotation":{"x":0.7320981621742249,"y":-0.0010217970702797175,"z":0.0010981480590999127,"w":0.6811975240707398},"size":39.71699523925781,"orthographic":false}