{"cameraMode":{"drawMode":0,"name":"Shaded","section":"Shading Mode"},"sceneLighting":false,"audioPlay":false,"sceneViewState":{"showFog":true,"showMaterialUpdate":true,"showSkybox":true,"showFlares":true,"showImageEffects":true,"showParticleSystems":true},"in2DMode":false,"pivot":{"x":0.44619792699813845,"y":-2.715015411376953,"z":3.008575916290283},"rotation":{"x":0.2284313142299652,"y":-0.5986046195030212,"z":0.18340662121772767,"w":0.7455559968948364},"size":27.57008171081543,"orthographic":false}