{"cameraMode":{"drawMode":0,"name":"Shaded","section":"Shading Mode"},"sceneLighting":false,"audioPlay":false,"sceneViewState":{"showFog":true,"showMaterialUpdate":true,"showSkybox":true,"showFlares":true,"showImageEffects":true,"showParticleSystems":true},"in2DMode":false,"pivot":{"x":-0.31379830837249758,"y":1.0342233180999756,"z":-0.15021634101867677},"rotation":{"x":-0.1131523996591568,"y":-0.8853413462638855,"z":0.2902607023715973,"w":-0.3451320230960846},"size":2.5674266815185549,"orthographic":false}