{"cameraMode":{"drawMode":0,"name":"Shaded","section":"Shading Mode"},"sceneLighting":false,"audioPlay":false,"sceneViewState":{"showFog":true,"showMaterialUpdate":true,"showSkybox":true,"showFlares":true,"showImageEffects":true,"showParticleSystems":true},"in2DMode":false,"pivot":{"x":0.19400906562805177,"y":1.0124666690826417,"z":0.18774783611297608},"rotation":{"x":-0.0706564262509346,"y":0.8371012210845947,"z":-0.11140745133161545,"w":-0.5309028029441834},"size":2.329235792160034,"orthographic":false}