{"cameraMode":{"drawMode":0,"name":"Shaded","section":"Shading Mode"},"sceneLighting":false,"audioPlay":false,"sceneViewState":{"showFog":true,"showMaterialUpdate":false,"showSkybox":true,"showFlares":true,"showImageEffects":true,"showParticleSystems":true},"in2DMode":false,"pivot":{"x":-1.6948329210281373,"y":-18.328805923461915,"z":-0.4981779158115387},"rotation":{"x":-0.19566181302070619,"y":0.8042555451393127,"z":-0.39029690623283389,"w":-0.4031846821308136},"size":3.324928045272827,"orthographic":false}